sentence,sentiment
Space exploration expands humanity's understanding of the universe and our place in it.,positive
Public and private partnerships are driving innovation in space exploration and commercial spaceflight.,positive
"Colonizing other planets is a long-term goal of space exploration, but ethical and logistical challenges remain.",positive
The search for extraterrestrial life fuels excitement and curiosity about the cosmos.,positive
Space telescopes and observatories provide valuable insights into the origins and evolution of the universe.,positive
International cooperation is essential for advancing space exploration and ensuring peaceful use of outer space.,positive
Robotic missions to other celestial bodies pave the way for human exploration and settlement.,positive
"Space tourism promises to make space accessible to civilians, but concerns remain about safety and sustainability.",positive
"Satellite technology supports communication, navigation, and Earth observation for a wide range of applications.",positive
Space debris poses a growing threat to space exploration and satellite operations.,negative
Planetary protection protocols aim to prevent contamination of celestial bodies and preserve their scientific integrity.,positive
Space agencies are exploring the potential of lunar resources for sustainable space exploration.,positive
Space mining could unlock valuable resources and fuel future space exploration missions.,positive
The James Webb Space Telescope promises to revolutionize our understanding of the early universe and the search for habitable exoplanets.,positive
Human missions to Mars represent the next frontier of space exploration but require overcoming numerous technical and logistical challenges.,positive
Space colonies offer the possibility of expanding humanity beyond Earth and ensuring our long-term survival.,positive
"Space weather phenomena, such as solar flares and geomagnetic storms, pose risks to space exploration and satellite operations.",negative
The militarization of space raises concerns about the weaponization of outer space and the escalation of conflicts beyond Earth.,negative
Commercial space ventures are driving down the cost of access to space and democratizing space exploration.,positive
Space law and governance frameworks are evolving to address the complexities of regulating activities in outer space.,positive
